SW4 6AA,51.4693,-0.1384,E01003034
SW4 6AB,51.46996,-0.13922,E01003034
SW4 6AD,51.46906,-0.13886,E01003034
SW4 6AE,51.46904,-0.13911,E01003034
SW4 6AF,51.46916,-0.13974,E01003034
SW4 6AG,51.46324,-0.13934,E01003039
SW4 6AH,51.46352,-0.13616,E01003035
SW4 6AJ,51.46538,-0.13641,E01003036
SW4 6AL,51.46399,-0.13748,E01003039
SW4 6AN,51.47253,-0.12681,E01003128
SW4 6AP,51.46518,-0.13756,E01003036
SW4 6AQ,51.467,-0.13959,E01003036
SW4 6AR,51.46694,-0.13903,E01003036
SW4 6AS,51.46881,-0.12774,E01003090
SW4 6AT,51.4651,-0.1369,E01003036
SW4 6AU,51.46698,-0.13854,E01003036
SW4 6AW,51.46369,-0.13864,E01003039
SW4 6AX,51.46948,-0.12708,E01003090
SW4 6AY,51.46491,-0.13728,E01003036
SW4 6AZ,51.46459,-0.13861,E01003039
SW4 6BA,51.46355,-0.13665,E01003041
SW4 6BB,51.46327,-0.13656,E01003035
SW4 6BD,51.46318,-0.13647,E01003035
SW4 6BE,51.46294,-0.13686,E01003041
SW4 6BF,51.46985,-0.12692,E01003092
SW4 6BG,51.46339,-0.13719,E01003041
SW4 6BH,51.46488,-0.13652,E01003035
SW4 6BJ,51.46441,-0.13694,E01003041
SW4 6BL,51.46325,-0.13612,E01003035
SW4 6BN,51.46406,-0.13575,E01003035
SW4 6BP,51.46444,-0.13638,E01003035
SW4 6BQ,51.46465,-0.13647,E01003041
SW4 6BS,51.46318,-0.13551,E01003035
SW4 6BT,51.46374,-0.13549,E01003035
SW4 6BU,51.46386,-0.13565,E01003035
SW4 6BW,51.46386,-0.13632,E01003041
SW4 6BX,51.46385,-0.13505,E01003035
SW4 6BY,51.46675,-0.13759,E01003036
SW4 6BZ,51.46433,-0.13219,E01003035
SW4 6DA,51.4654,-0.13244,E01003035
SW4 6DB,51.46365,-0.13456,E01003035
SW4 6DD,51.46442,-0.13414,E01003035
SW4 6DE,51.46489,-0.13285,E01003035
SW4 6DF,51.46497,-0.13251,E01003035
SW4 6DG,51.46448,-0.13216,E01003035
SW4 6DH,51.46594,-0.13362,E01003035
SW4 6DJ,51.46324,-0.13934,E01003039
SW4 6DL,51.46479,-0.13416,E01003035
SW4 6DN,51.46547,-0.13457,E01003036
SW4 6DP,51.46466,-0.13477,E01003035
SW4 6DQ,51.4646,-0.13142,E01003035
SW4 6DR,51.46515,-0.13546,E01003035
SW4 6DS,51.46628,-0.13619,E01003036
SW4 6DT,51.46671,-0.13647,E01003036
SW4 6DU,51.46737,-0.13704,E01003036
SW4 6DW,51.46528,-0.13505,E01003035
SW4 6DX,51.46751,-0.13791,E01003036
SW4 6DY,51.46729,-0.1378,E01003036
SW4 6DZ,51.46639,-0.1369,E01003036
SW4 6EA,51.46468,-0.13605,E01003041
SW4 6EB,51.46515,-0.13603,E01003035
SW4 6ED,51.4645,-0.13564,E01003035
SW4 6EE,51.46543,-0.13775,E01003036
SW4 6EF,51.46572,-0.13774,E01003036
SW4 6EG,51.4658,-0.13814,E01003036
SW4 6EH,51.4644,-0.13337,E01003035
SW4 6EJ,51.46416,-0.13256,E01003035
SW4 6EL,51.4644,-0.13277,E01003035
SW4 6EN,51.46562,-0.13682,E01003036
SW4 6EP,51.46475,-0.13307,E01003035
SW4 6EQ,51.46573,-0.13731,E01003036
SW4 6ER,51.4652,-0.13344,E01003035
SW4 6ES,51.46498,-0.13394,E01003035
SW4 6ET,51.46545,-0.13425,E01003035
SW4 6EU,51.46601,-0.13404,E01003035
SW4 6EW,51.46324,-0.13934,E01003039
SW4 6EX,51.46638,-0.13451,E01003035
SW4 6EY,51.46595,-0.13548,E01003036
SW4 6EZ,51.4663,-0.13573,E01003036
SW4 6FA,51.47178,-0.12851,E01003128
SW4 6FB,51.4688,-0.13122,E01003095
SW4 6FD,51.46417,-0.13374,E01003035
SW4 6FE,51.46408,-0.13369,E01003035
SW4 6FF,51.46397,-0.13411,E01003035
SW4 6HA,51.46641,-0.13532,E01003035
SW4 6HB,51.46758,-0.13611,E01003036
SW4 6HD,51.46758,-0.13686,E01003036
SW4 6HE,51.46726,-0.13647,E01003036
SW4 6HF,51.46691,-0.13615,E01003036
SW4 6HG,51.46626,-0.13852,E01003036
SW4 6HH,51.46646,-0.13564,E01003036
SW4 6HJ,51.46608,-0.13784,E01003036
SW4 6HL,51.4661,-0.13719,E01003036
SW4 6HN,51.46588,-0.13695,E01003036
SW4 6HP,51.46324,-0.13934,E01003039
SW4 6HQ,51.46324,-0.13934,E01003039
SW4 6HR,51.46781,-0.13875,E01003034
SW4 6HS,51.46804,-0.13718,E01003036
SW4 6HT,51.46836,-0.13563,E01003095
SW4 6HU,51.46877,-0.13448,E01003095
SW4 6HW,51.46638,-0.13853,E01003036
SW4 6HX,51.4684,-0.13325,E01003095
SW4 6HZ,51.46324,-0.13934,E01003039
SW4 6JA,51.46866,-0.13276,E01003095
SW4 6JB,51.46939,-0.13341,E01003095
SW4 6JD,51.46965,-0.13258,E01003095
SW4 6JE,51.46891,-0.13203,E01003095
SW4 6JF,51.46926,-0.13165,E01003095
SW4 6JG,51.46913,-0.12945,E01003095
SW4 6JH,51.46892,-0.12746,E01003090
SW4 6JL,51.46802,-0.12839,E01003090
SW4 6JN,51.46892,-0.12835,E01003090
SW4 6JP,51.46958,-0.12835,E01003092
SW4 6JQ,51.46903,-0.12822,E01003090
SW4 6JR,51.46894,-0.12979,E01003095
SW4 6JS,51.46965,-0.13121,E01003092
SW4 6JT,51.46963,-0.12939,E01003092
SW4 6JU,51.46981,-0.1316,E01003092
SW4 6JW,51.46959,-0.13071,E01003092
SW4 6JX,51.46886,-0.13588,E01003091
SW4 6JY,51.46871,-0.13656,E01003095
SW4 6JZ,51.46845,-0.13747,E01003036
SW4 6LA,51.46839,-0.1379,E01003034
SW4 6LB,51.46833,-0.1386,E01003034
SW4 6LD,51.46827,-0.13919,E01003034
SW4 6LE,51.46513,-0.13082,E01003090
SW4 6LF,51.46537,-0.13137,E01003095
SW4 6LG,51.46906,-0.13789,E01003034
SW4 6LH,51.46513,-0.13064,E01003090
SW4 6LJ,51.46584,-0.13068,E01003095
SW4 6LL,51.46663,-0.131,E01003095
SW4 6LN,51.46702,-0.13146,E01003095
SW4 6LP,51.46733,-0.13207,E01003095
SW4 6LQ,51.4688,-0.13122,E01003095
SW4 6LR,51.46794,-0.1334,E01003095
SW4 6LS,51.46805,-0.1352,E01003095
SW4 6LT,51.46765,-0.13379,E01003095
SW4 6LU,51.4665,-0.13169,E01003095
SW4 6LW,51.46709,-0.13187,E01003095
SW4 6LX,51.46551,-0.13001,E01003090
SW4 6LY,51.46666,-0.13293,E01003095
SW4 6NA,51.46573,-0.13026,E01003090
SW4 6NB,51.46642,-0.1304,E01003095
SW4 6ND,51.46699,-0.13007,E01003090
SW4 6NE,51.46727,-0.12987,E01003090
SW4 6NF,51.46692,-0.12928,E01003090
SW4 6NH,51.46643,-0.12965,E01003090
SW4 6NN,51.46735,-0.13039,E01003090
SW4 6NP,51.46805,-0.13046,E01003095
SW4 6NQ,51.4688,-0.13122,E01003095
SW4 6NR,51.46856,-0.1292,E01003095
SW4 6NS,51.46978,-0.12879,E01003092
SW4 6NT,51.46984,-0.12975,E01003092
SW4 6NU,51.46984,-0.12975,E01003092
SW4 6NW,51.46787,-0.12988,E01003090
SW4 6NX,51.46984,-0.12975,E01003092
SW4 6PA,51.47154,-0.12962,E01003092
SW4 6PB,51.47104,-0.12903,E01003092
SW4 6PD,51.47098,-0.13009,E01003092
SW4 6PE,51.47075,-0.13025,E01003092
SW4 6PF,51.47048,-0.13063,E01003092
SW4 6PG,51.47105,-0.13251,E01003092
SW4 6PH,51.47067,-0.12956,E01003092
SW4 6PJ,51.46982,-0.12831,E01003092
SW4 6PL,51.46984,-0.12975,E01003092
SW4 6PN,51.46984,-0.12975,E01003092
SW4 6PP,51.46833,-0.13089,E01003095
SW4 6PR,51.46864,-0.13143,E01003095
SW4 6PS,51.46786,-0.13232,E01003095
SW4 6PT,51.47067,-0.12862,E01003092
SW4 6PU,51.47044,-0.12824,E01003092
SW4 6PW,51.46324,-0.13934,E01003039
SW4 6PY,51.46984,-0.12975,E01003092
SW4 6QA,51.47187,-0.12921,E01003092
SW4 6QB,51.46324,-0.13934,E01003039
SW4 6QD,51.47124,-0.12847,E01003092
SW4 6QE,51.47198,-0.12858,E01003123
SW4 6QF,51.47198,-0.12815,E01003123
SW4 6QG,51.47171,-0.12825,E01003128
SW4 6QH,51.47203,-0.1271,E01003128
SW4 6QJ,51.47233,-0.12645,E01003128
SW4 6QL,51.47152,-0.12637,E01003128
SW4 6QN,51.47133,-0.1255,E01003128
SW4 6QP,51.4722,-0.12836,E01003123
SW4 6QQ,51.4719,-0.12741,E01003128
SW4 6QR,51.47113,-0.12702,E01003128
SW4 6QS,51.47054,-0.1264,E01003128
SW4 6QT,51.47024,-0.12579,E01003128
SW4 6QU,51.47022,-0.12666,E01003128
SW4 6QW,51.47091,-0.12586,E01003128
SW4 6QX,51.47099,-0.1273,E01003128
SW4 6QY,51.46979,-0.12687,E01003092
SW4 6QZ,51.46979,-0.12687,E01003092
SW4 6RA,51.47245,-0.12384,E01003128
SW4 6RB,51.46989,-0.13263,E01003095
SW4 6RD,51.4711,-0.13071,E01003092
SW4 6RE,51.47036,-0.13166,E01003092
SW4 6RF,51.47057,-0.13172,E01003092
SW4 6RG,51.47088,-0.13115,E01003092
SW4 6RH,51.47078,-0.13078,E01003092
SW4 6RJ,51.47149,-0.12999,E01003092
SW4 6RL,51.47248,-0.12864,E01003123
SW4 6RN,51.4723,-0.12879,E01003123
SW4 6RP,51.4724,-0.12756,E01003128
SW4 6RQ,51.47425,-0.12692,E01003126
SW4 6RR,51.47342,-0.1271,E01003126
SW4 6RS,51.47302,-0.1264,E01003126
SW4 6RT,51.47309,-0.12599,E01003126
SW4 6RU,51.47284,-0.12552,E01003126
SW4 6RW,51.47341,-0.12817,E01003123
SW4 6RX,51.47235,-0.12506,E01003126
SW4 6RY,51.47219,-0.12433,E01003128
SW4 6RZ,51.47196,-0.12353,E01003128
SW4 6SA,51.47175,-0.12495,E01003128
SW4 6SB,51.47228,-0.12595,E01003128
SW4 6SH,51.47043,-0.1329,E01003092
SW4 6SJ,51.47189,-0.1301,E01003092
SW4 6SL,51.47166,-0.13112,E01003092
SW4 6SP,51.47349,-0.12813,E01003123
SW4 6SR,51.47425,-0.12692,E01003126
SW4 6SS,51.4745,-0.12608,E01003124
SW4 6ST,51.47412,-0.12369,E01003126
SW4 6SU,51.47323,-0.1239,E01003126
SW4 6SX,51.47355,-0.12321,E01003126
SW4 6SY,51.47363,-0.12277,E01003126
SW4 6SZ,51.47288,-0.12319,E01003126
SW4 6TA,51.47272,-0.12278,E01003126
SW4 6TB,51.47447,-0.12561,E01003124
SW4 6TD,51.47277,-0.12492,E01003126
SW4 6TE,51.47321,-0.12485,E01003126
SW4 6TF,51.47362,-0.12551,E01003126
SW4 6TG,51.47339,-0.12673,E01003126
SW4 6TH,51.47411,-0.12647,E01003126
SW4 6TJ,51.47411,-0.12687,E01003126
SW4 6UT,51.46324,-0.13934,E01003039
SW4 6UU,51.47341,-0.12817,E01003123
SW4 6UW,51.46324,-0.13934,E01003039
SW4 6UX,51.46324,-0.13934,E01003039
SW4 6UY,51.47388,-0.1272,E01003126
SW4 6UZ,51.46324,-0.13934,E01003039
SW4 6WA,51.46324,-0.13934,E01003039
SW4 6WB,51.46324,-0.13934,E01003039
SW4 6WD,51.46324,-0.13934,E01003039
SW4 6WE,51.46324,-0.13934,E01003039
SW4 6WF,51.46324,-0.13934,E01003039
SW4 6WG,51.46332,-0.1389,E01003039
SW4 6WH,51.46324,-0.13934,E01003039
SW4 6WJ,51.46324,-0.13934,E01003039
SW4 6WL,51.46324,-0.13934,E01003039
SW4 6WN,51.46324,-0.13934,E01003039
SW4 6WP,51.46324,-0.13934,E01003039
SW4 6WQ,51.46324,-0.13934,E01003039
SW4 6WR,51.46324,-0.13934,E01003039
SW4 6WS,51.46324,-0.13934,E01003039
SW4 6WT,51.46324,-0.13934,E01003039
SW4 6WU,51.46324,-0.13934,E01003039
SW4 6WW,51.46324,-0.13934,E01003039
SW4 6WX,51.46324,-0.13934,E01003039
SW4 6WY,51.46324,-0.13934,E01003039
SW4 6WZ,51.46324,-0.13934,E01003039
SW4 6XA,51.46324,-0.13934,E01003039
SW4 6XB,51.46324,-0.13934,E01003039
SW4 6XD,51.46332,-0.1389,E01003039
SW4 6XE,51.46324,-0.13934,E01003039
SW4 6XF,51.46324,-0.13934,E01003039
SW4 6XG,51.46885,-0.13113,E01003095
SW4 6XH,51.46324,-0.13934,E01003039
SW4 6XJ,51.4688,-0.13122,E01003095
SW4 6XL,51.4688,-0.13122,E01003095
SW4 6XN,51.46324,-0.13934,E01003039
SW4 6XP,51.46324,-0.13934,E01003039
SW4 6XQ,51.46324,-0.13934,E01003039
SW4 6XR,51.46885,-0.13113,E01003095
SW4 6XS,51.47341,-0.12817,E01003123
SW4 6XT,51.46324,-0.13934,E01003039
SW4 6XW,51.46324,-0.13934,E01003039
SW4 6XX,51.46324,-0.13934,E01003039
SW4 6XY,51.46324,-0.13934,E01003039
SW4 6XZ,51.46324,-0.13934,E01003039
SW4 6YA,51.46324,-0.13934,E01003039
SW4 6YB,51.46324,-0.13934,E01003039
SW4 6YE,51.46324,-0.13934,E01003039
SW4 6YF,51.46324,-0.13934,E01003039
SW4 6YH,51.46324,-0.13934,E01003039
SW4 6YQ,51.46324,-0.13934,E01003039
SW4 6YT,51.46324,-0.13934,E01003039
SW4 6ZA,51.4688,-0.13122,E01003095
SW4 6ZB,51.4688,-0.13122,E01003095
SW4 6ZD,51.4688,-0.13122,E01003095
SW4 6ZE,51.4688,-0.13122,E01003095
SW4 6ZF,51.4688,-0.13122,E01003095
SW4 6ZG,51.4688,-0.13122,E01003095
SW4 6ZH,51.4688,-0.13122,E01003095
SW4 6ZJ,51.46324,-0.13934,E01003039
SW4 6ZL,51.4688,-0.13122,E01003095
SW4 6ZN,51.46324,-0.13934,E01003039
SW4 6ZP,51.4688,-0.13122,E01003095
SW4 6ZQ,51.46324,-0.13934,E01003039
SW4 6ZR,51.4688,-0.13122,E01003095
SW4 6ZS,51.4688,-0.13122,E01003095
SW4 6ZT,51.4688,-0.13122,E01003095
SW4 6ZU,51.4688,-0.13122,E01003095
