WC1V 6AA,51.51843,-0.1139
WC1V 6AD,51.51814,-0.11336
WC1V 6AE,51.51841,-0.11389
WC1V 6AF,51.51816,-0.1148
WC1V 6AJ,51.51816,-0.1148
WC1V 6AL,51.51847,-0.1161
WC1V 6AN,51.51764,-0.12105
WC1V 6AP,51.51816,-0.1148
WC1V 6AQ,51.51816,-0.1148
WC1V 6AS,51.51849,-0.11363
WC1V 6AT,51.51856,-0.11306
WC1V 6AW,51.51814,-0.11336
WC1V 6AX,51.5185,-0.11342
WC1V 6AY,51.51884,-0.11342
WC1V 6AZ,51.51856,-0.11303
WC1V 6BA,51.51842,-0.11614
WC1V 6BB,51.51814,-0.11336
WC1V 6BD,51.51814,-0.11336
WC1V 6BE,51.51856,-0.11317
WC1V 6BG,51.51843,-0.1139
WC1V 6BH,51.5181,-0.118
WC1V 6BL,51.51814,-0.11336
WC1V 6BN,51.51856,-0.11284
WC1V 6BP,51.5185,-0.11239
WC1V 6BS,51.5185,-0.11261
WC1V 6BU,51.51814,-0.11336
WC1V 6BX,51.5185,-0.11239
WC1V 6BY,51.5185,-0.11239
WC1V 6BZ,51.5185,-0.11239
WC1V 6DA,51.51842,-0.11614
WC1V 6DB,51.51814,-0.11336
WC1V 6DE,51.51814,-0.11336
WC1V 6DF,51.51822,-0.11755
WC1V 6DJ,51.51814,-0.11336
WC1V 6DL,51.51814,-0.11336
WC1V 6DP,51.51814,-0.11336
WC1V 6DR,51.51844,-0.11189
WC1V 6DS,51.51849,-0.11196
WC1V 6DT,51.51828,-0.11532
WC1V 6DU,51.51816,-0.1148
WC1V 6DW,51.51806,-0.11939
WC1V 6DX,51.51828,-0.11532
WC1V 6DY,51.51819,-0.11624
WC1V 6EA,51.51847,-0.1161
WC1V 6EB,51.51819,-0.11624
WC1V 6ED,51.51847,-0.1161
WC1V 6EF,51.51819,-0.11624
WC1V 6EG,51.51833,-0.11489
WC1V 6EL,51.51819,-0.11624
WC1V 6EP,51.51832,-0.11491
WC1V 6ER,51.51833,-0.11488
WC1V 6ES,51.51833,-0.11489
WC1V 6EU,51.51796,-0.11936
WC1V 6EX,51.51819,-0.11624
WC1V 6HA,51.51844,-0.11452
WC1V 6HB,51.51713,-0.13424
WC1V 6HD,51.51816,-0.1148
WC1V 6HE,51.51816,-0.1148
WC1V 6HG,51.51878,-0.11378
WC1V 6HL,51.51816,-0.1148
WC1V 6HN,51.51816,-0.1148
WC1V 6HP,51.51816,-0.1148
WC1V 6HQ,51.51816,-0.1148
WC1V 6HR,51.51896,-0.11387
WC1V 6HT,51.51816,-0.1148
WC1V 6HU,51.51884,-0.11339
WC1V 6HW,51.51816,-0.1148
WC1V 6HX,51.51816,-0.1148
WC1V 6HZ,51.51903,-0.11347
WC1V 6JD,51.51892,-0.11494
WC1V 6JE,51.51819,-0.11624
WC1V 6JF,51.51858,-0.11553
WC1V 6JJ,51.51788,-0.11996
WC1V 6JN,51.51736,-0.1206
WC1V 6JP,51.51736,-0.1206
WC1V 6JQ,51.51786,-0.11984
WC1V 6JS,51.51797,-0.11934
WC1V 6JT,51.51733,-0.11916
WC1V 6JU,51.51633,-0.12377
WC1V 6JY,51.51733,-0.11916
WC1V 6LA,51.51733,-0.11916
WC1V 6LD,51.5179,-0.11908
WC1V 6LE,51.51811,-0.11695
WC1V 6LF,51.51829,-0.1187
WC1V 6LG,51.51731,-0.11772
WC1V 6LH,51.51733,-0.11916
WC1V 6LJ,51.51834,-0.11824
WC1V 6LL,51.51733,-0.11916
WC1V 6LP,51.51733,-0.11916
WC1V 6LQ,51.51829,-0.1187
WC1V 6LR,51.51811,-0.11695
WC1V 6LS,51.51806,-0.11715
WC1V 6LU,51.51733,-0.11916
WC1V 6LW,51.51733,-0.11916
WC1V 6LX,51.51633,-0.12377
WC1V 6LY,51.51733,-0.11916
WC1V 6NA,51.51847,-0.1161
WC1V 6NB,51.51731,-0.11772
WC1V 6NF,51.51733,-0.11916
WC1V 6NG,51.51822,-0.11755
WC1V 6NH,51.51731,-0.11772
WC1V 6NJ,51.51731,-0.11772
WC1V 6NL,51.5179,-0.11908
WC1V 6NP,51.51844,-0.11452
WC1V 6NR,51.51733,-0.11916
WC1V 6NS,51.51853,-0.11961
WC1V 6NT,51.51843,-0.1139
WC1V 6NU,51.51822,-0.11755
WC1V 6NW,51.51731,-0.11772
WC1V 6NX,51.51815,-0.11894
WC1V 6NY,51.51845,-0.11959
WC1V 6NZ,51.51862,-0.11915
WC1V 6PA,51.51617,-0.12549
WC1V 6PB,51.51639,-0.12516
WC1V 6PD,51.51565,-0.12643
WC1V 6PE,51.51754,-0.12226
WC1V 6PG,51.51802,-0.11948
WC1V 6PH,51.51702,-0.12361
WC1V 6PJ,51.51667,-0.12431
WC1V 6PL,51.51746,-0.12294
WC1V 6PN,51.51751,-0.12234
WC1V 6PP,51.5174,-0.12348
WC1V 6PQ,51.51756,-0.12173
WC1V 6PR,51.51565,-0.12643
WC1V 6PS,51.51752,-0.12199
WC1V 6PU,51.51759,-0.12208
WC1V 6PW,51.51756,-0.12291
WC1V 6PX,51.51752,-0.12222
WC1V 6PY,51.51738,-0.12204
WC1V 6QA,51.51782,-0.12106
WC1V 6QB,51.51816,-0.11672
WC1V 6QD,51.51738,-0.12204
WC1V 6QE,51.51782,-0.12106
WC1V 6QF,51.51782,-0.12106
WC1V 6QH,51.51738,-0.12204
WC1V 6QL,51.51775,-0.12113
WC1V 6QN,51.51738,-0.12204
WC1V 6QP,51.51738,-0.12204
WC1V 6QQ,51.51738,-0.12204
WC1V 6QR,51.51738,-0.12204
WC1V 6QS,51.51842,-0.11614
WC1V 6QT,51.51842,-0.11614
WC1V 6QX,51.51738,-0.12204
WC1V 6QY,51.51738,-0.12204
WC1V 6QZ,51.51738,-0.12204
WC1V 6RA,51.51785,-0.11973
WC1V 6RB,51.51833,-0.11511
WC1V 6RD,51.51782,-0.12008
WC1V 6RE,51.51833,-0.11511
WC1V 6RF,51.51736,-0.1206
WC1V 6RH,51.51736,-0.1206
WC1V 6RL,51.51837,-0.11508
WC1V 6RN,51.51819,-0.11624
WC1V 6RP,51.51819,-0.11624
WC1V 6RQ,51.51833,-0.11511
WC1V 6RR,51.51833,-0.11511
WC1V 6RS,51.51833,-0.11489
WC1V 6RT,51.51819,-0.11624
WC1V 6RU,51.51819,-0.11624
WC1V 6RW,51.51819,-0.11624
WC1V 6RX,51.51806,-0.11715
WC1V 6RY,51.51833,-0.11511
WC1V 6RZ,51.51846,-0.11547
WC1V 6SA,51.51819,-0.11624
WC1V 6SB,51.51819,-0.11624
WC1V 6SD,51.51819,-0.11624
WC1V 6SE,51.51833,-0.11511
WC1V 6SG,51.51849,-0.11363
WC1V 6SH,51.51819,-0.11624
WC1V 6SJ,51.51819,-0.11624
WC1V 6SL,51.51819,-0.11624
WC1V 6SX,51.51819,-0.11624
WC1V 6TA,51.51847,-0.1161
WC1V 6TB,51.51806,-0.11715
WC1V 6TD,51.51847,-0.1161
WC1V 6TF,51.51819,-0.11624
WC1V 6TH,51.51847,-0.1161
WC1V 6TL,51.51731,-0.11772
WC1V 6TP,51.51842,-0.11614
WC1V 6TR,51.51811,-0.11695
WC1V 6TT,51.5164,-0.12516
WC1V 6TX,51.51819,-0.11624
WC1V 6UA,51.51713,-0.13424
WC1V 6UB,51.51885,-0.1134
WC1V 6UD,51.51819,-0.11624
WC1V 6UE,51.51819,-0.11624
WC1V 6WA,51.51633,-0.12377
WC1V 6WB,51.51633,-0.12377
WC1V 6WR,51.51713,-0.13424
WC1V 6WX,51.52457,-0.11204
WC1V 6WY,51.52457,-0.11204
WC1V 6WZ,51.51633,-0.12377
WC1V 6XB,51.51733,-0.11916
WC1V 6XD,51.51733,-0.11916
WC1V 6XX,51.51833,-0.11827
WC1V 6YA,51.51633,-0.12377
WC1V 6YB,51.51713,-0.13424
WC1V 6YD,51.51811,-0.11695
WC1V 6YE,51.51733,-0.11916
WC1V 6YF,51.51633,-0.12377
WC1V 6YG,51.51713,-0.13424
WC1V 6YH,51.51713,-0.13424
WC1V 6YJ,51.51811,-0.11695
WC1V 6YL,51.51633,-0.12377
WC1V 6YN,51.51633,-0.12377
WC1V 6YP,51.51713,-0.13424
WC1V 6YQ,51.51713,-0.13424
WC1V 6YR,51.51736,-0.1206
