BS37 7AA,51.53998,-2.40296,E01015018
BS37 7AB,51.54073,-2.40537,E01015017
BS37 7AD,51.5414,-2.40508,E01015018
BS37 7AE,51.54155,-2.40652,E01015017
BS37 7AF,51.5409,-2.40462,E01015018
BS37 7AG,51.54278,-2.4055,E01015018
BS37 7AH,51.54306,-2.40319,E01015018
BS37 7AJ,51.54354,-2.40589,E01015018
BS37 7AL,51.5424,-2.4027,E01015018
BS37 7AN,51.54428,-2.40359,E01015018
BS37 7AP,51.54425,-2.40669,E01015018
BS37 7AQ,51.54322,-2.40375,E01015018
BS37 7AR,51.54379,-2.40821,E01015018
BS37 7AS,51.54442,-2.40294,E01015018
BS37 7AT,51.54503,-2.40215,E01015018
BS37 7AU,51.54198,-2.40257,E01015018
BS37 7AW,51.54384,-2.40654,E01015018
BS37 7AX,51.5412,-2.40773,E01015017
BS37 7AY,51.54226,-2.40151,E01015018
BS37 7AZ,51.53978,-2.40144,E01015018
BS37 7BA,51.55046,-2.41019,E01015016
BS37 7BB,51.55136,-2.40831,E01015014
BS37 7BD,51.53959,-2.41393,E01015017
BS37 7BE,51.55,-2.43295,E01014929
BS37 7BF,51.57186,-2.44243,E01014929
BS37 7BG,51.55321,-2.41882,E01015015
BS37 7BH,51.55179,-2.40769,E01015014
BS37 7BJ,51.55604,-2.43575,E01014929
BS37 7BL,51.55322,-2.40186,E01014888
BS37 7BN,51.55025,-2.40897,E01015016
BS37 7BP,51.55731,-2.40346,E01015014
BS37 7BS,51.55696,-2.40345,E01015014
BS37 7BT,51.55912,-2.40532,E01015014
BS37 7BU,51.56184,-2.40547,E01015014
BS37 7BW,51.55421,-2.40276,E01015014
BS37 7BX,51.563,-2.40046,E01015014
BS37 7BY,51.56038,-2.39973,E01015014
BS37 7BZ,51.55159,-2.42332,E01015015
BS37 7DA,51.55483,-2.40625,E01015014
BS37 7DB,51.55551,-2.40591,E01015014
BS37 7DD,51.55478,-2.40796,E01015014
BS37 7DE,51.55378,-2.40687,E01015014
BS37 7DF,51.55456,-2.40724,E01015014
BS37 7DG,51.55517,-2.40719,E01015014
BS37 7DH,51.55606,-2.40787,E01015014
BS37 7DJ,51.55587,-2.40754,E01015014
BS37 7DL,51.5564,-2.40743,E01015014
BS37 7DN,51.55542,-2.40541,E01015014
BS37 7DP,51.55169,-2.42215,E01015015
BS37 7DQ,51.55181,-2.42139,E01015015
BS37 7DR,51.55752,-2.41743,E01015014
BS37 7DS,51.55798,-2.41765,E01015014
BS37 7DT,51.55809,-2.41686,E01015014
BS37 7DU,51.55832,-2.41503,E01015014
BS37 7DW,51.55774,-2.41472,E01015014
BS37 7DX,51.55828,-2.41802,E01015014
BS37 7DY,51.55857,-2.4158,E01015014
BS37 7DZ,51.55815,-2.41454,E01015014
BS37 7EA,51.55871,-2.4162,E01015014
BS37 7EB,51.55914,-2.4194,E01015014
BS37 7ED,51.55837,-2.41371,E01015014
BS37 7EE,51.55734,-2.41345,E01015014
BS37 7EF,51.55938,-2.42009,E01015014
BS37 7EH,51.55907,-2.42072,E01015014
BS37 7EL,51.55918,-2.42156,E01015014
BS37 7EN,51.55947,-2.41949,E01015014
BS37 7ES,51.55172,-2.4301,E01014929
BS37 7EX,51.56206,-2.43522,E01014929
BS37 7FB,51.55428,-2.41243,E01015014
BS37 7FL,51.55194,-2.41513,E01015015
BS37 7FQ,51.55194,-2.41513,E01015015
BS37 7FR,51.55261,-2.41589,E01015015
BS37 7FX,51.53045,-2.50169,E01014998
BS37 7FY,51.53959,-2.41393,E01015017
BS37 7FZ,51.55194,-2.41513,E01015015
BS37 7GA,51.55234,-2.40713,E01015014
BS37 7GB,51.55459,-2.4105,E01015014
BS37 7GP,51.54293,-2.40119,E01015018
BS37 7HG,51.55225,-2.40529,E01015014
BS37 7HJ,51.53959,-2.41393,E01015017
BS37 7HU,51.55434,-2.41393,E01015014
BS37 7JT,51.55665,-2.4176,E01015015
BS37 7LA,51.55225,-2.42016,E01015015
BS37 7LB,51.55176,-2.42692,E01015015
BS37 7LD,51.55011,-2.43426,E01014929
BS37 7LE,51.54915,-2.43624,E01014929
BS37 7LF,51.55367,-2.40987,E01015014
BS37 7LG,51.55097,-2.43597,E01014929
BS37 7LH,51.55239,-2.43478,E01014929
BS37 7LJ,51.55635,-2.43685,E01014929
BS37 7LL,51.55635,-2.43613,E01014929
BS37 7LN,51.55993,-2.43744,E01014929
BS37 7LP,51.56306,-2.43503,E01014929
BS37 7LQ,51.55269,-2.43552,E01014929
BS37 7LR,51.56539,-2.44209,E01014929
BS37 7LS,51.56612,-2.44845,E01014929
BS37 7LT,51.56552,-2.45049,E01014929
BS37 7LU,51.5661,-2.45674,E01014929
BS37 7LW,51.56077,-2.43707,E01014929
BS37 7LX,51.56777,-2.44753,E01014929
BS37 7LY,51.56786,-2.4449,E01014929
BS37 7LZ,51.56818,-2.4462,E01014929
BS37 7NA,51.57255,-2.44899,E01014929
BS37 7NB,51.57124,-2.44695,E01014929
BS37 7ND,51.57387,-2.4512,E01014929
BS37 7NE,51.57533,-2.45001,E01014929
BS37 7NF,51.55202,-2.41478,E01015015
BS37 7NG,51.55195,-2.42049,E01015015
BS37 7NY,51.55208,-2.4326,E01014929
BS37 7PA,51.54259,-2.43294,E01014994
BS37 7PE,51.55527,-2.41463,E01015014
BS37 7PG,51.55286,-2.4123,E01015015
BS37 7PJ,51.55179,-2.41235,E01015015
BS37 7PL,51.54336,-2.43441,E01014994
BS37 7PN,51.55215,-2.4306,E01014929
BS37 7PP,51.55267,-2.42816,E01015015
BS37 7PQ,51.55259,-2.41475,E01015015
BS37 7PR,51.54474,-2.43379,E01014994
BS37 7PS,51.54431,-2.43419,E01014994
BS37 7PT,51.5494,-2.43546,E01014929
BS37 7PU,51.55399,-2.43209,E01014929
BS37 7PW,51.54352,-2.43386,E01014994
BS37 7PX,51.55999,-2.43159,E01014929
BS37 7PY,51.57117,-2.44412,E01014929
BS37 7PZ,51.56452,-2.43384,E01014929
BS37 7QA,51.56486,-2.42601,E01014929
BS37 7QB,51.57073,-2.42141,E01014930
BS37 7QD,51.57323,-2.4237,E01014930
BS37 7QE,51.57648,-2.43431,E01014929
BS37 7QF,51.57397,-2.43314,E01014929
BS37 7QG,51.57169,-2.44133,E01014929
BS37 7QH,51.57042,-2.44436,E01014929
BS37 7QJ,51.57017,-2.44484,E01014929
BS37 7QL,51.56502,-2.42173,E01014930
BS37 7QN,51.5684,-2.40429,E01014930
BS37 7QP,51.57038,-2.44293,E01014929
BS37 7QQ,51.57156,-2.4428,E01014929
BS37 7QS,51.55202,-2.41478,E01015015
BS37 7QU,51.57098,-2.44548,E01014929
BS37 7QW,51.55535,-2.41609,E01015014
BS37 7RA,51.54315,-2.40848,E01015017
BS37 7RB,51.55363,-2.4159,E01015015
BS37 7RL,51.55403,-2.41688,E01015015
BS37 7RN,51.55109,-2.40692,E01015014
BS37 7RQ,51.5514,-2.40451,E01015014
BS37 7RR,51.55055,-2.40549,E01015014
BS37 7RS,51.5515,-2.40602,E01015014
BS37 7RT,51.54981,-2.40674,E01015016
BS37 7RU,51.54979,-2.40877,E01015016
BS37 7RX,51.54902,-2.40859,E01015016
BS37 7RY,51.54833,-2.40778,E01015016
BS37 7RZ,51.54862,-2.40625,E01015016
BS37 7SF,51.54746,-2.40637,E01015016
BS37 7SG,51.54695,-2.4072,E01015016
BS37 7SH,51.54557,-2.4057,E01015018
BS37 7SJ,51.54479,-2.40695,E01015016
BS37 7SL,51.54628,-2.40898,E01015016
BS37 7SN,51.54702,-2.40302,E01015018
BS37 7SP,51.54663,-2.40446,E01015018
BS37 7SQ,51.54591,-2.4078,E01015016
BS37 7SR,51.54664,-2.40692,E01015016
BS37 7SW,51.54582,-2.40351,E01015018
BS37 7UF,51.54865,-2.4044,E01015016
BS37 7UG,51.54925,-2.40375,E01015016
BS37 7UT,51.55614,-2.41468,E01015014
BS37 7UU,51.55328,-2.4014,E01014888
BS37 7WA,51.55614,-2.41468,E01015014
BS37 7WB,51.53959,-2.41393,E01015017
BS37 7WD,51.53959,-2.41393,E01015017
BS37 7WS,51.53959,-2.41393,E01015017
BS37 7WT,51.53959,-2.41393,E01015017
BS37 7WU,51.53959,-2.41393,E01015017
BS37 7WW,51.53959,-2.41393,E01015017
BS37 7WX,51.53959,-2.41393,E01015017
BS37 7WY,51.53959,-2.41393,E01015017
BS37 7WZ,51.53959,-2.41393,E01015017
BS37 7XE,51.55326,-2.40811,E01015014
BS37 7XF,51.55202,-2.41478,E01015015
BS37 7XG,51.5532,-2.40827,E01015014
BS37 7XJ,51.53959,-2.41393,E01015017
BS37 7XN,51.5532,-2.40827,E01015014
BS37 7XZ,51.55513,-2.41173,E01015014
BS37 7YA,51.53045,-2.50169,E01014998
BS37 7YB,51.55483,-2.41222,E01015014
BS37 7YD,51.53959,-2.41393,E01015017
BS37 7YF,51.55528,-2.40961,E01015014
BS37 7YG,51.53045,-2.50169,E01014998
BS37 7YJ,51.55241,-2.42213,E01015015
BS37 7YL,51.55285,-2.42298,E01015015
BS37 7YN,51.55478,-2.42257,E01015015
BS37 7YP,51.54516,-2.40335,E01015018
BS37 7YT,51.55537,-2.4187,E01015015
BS37 7YU,51.5556,-2.42131,E01015015
BS37 7YW,51.55441,-2.42166,E01015015
BS37 7YX,51.55664,-2.41633,E01015014
BS37 7ZJ,51.53959,-2.41393,E01015017
BS37 7ZX,51.55664,-2.41633,E01015014
