SL1 8AA,51.53587,-0.66015
SL1 8AB,51.53623,-0.66144
SL1 8AD,51.53665,-0.66083
SL1 8AE,51.53619,-0.65912
SL1 8AF,51.53584,-0.65783
SL1 8AG,51.53537,-0.65721
SL1 8AH,51.5364,-0.65783
SL1 8AJ,51.5366,-0.65678
SL1 8AL,51.53607,-0.65692
SL1 8AN,51.53767,-0.65801
SL1 8AP,51.53493,-0.65835
SL1 8AQ,51.53529,-0.65554
SL1 8AR,51.53887,-0.65817
SL1 8AS,51.54042,-0.65633
SL1 8AT,51.53992,-0.65546
SL1 8AU,51.54023,-0.65831
SL1 8AW,51.53791,-0.65679
SL1 8AX,51.54149,-0.65791
SL1 8AY,51.54024,-0.65919
SL1 8AZ,51.53942,-0.66012
SL1 8BA,51.53894,-0.65897
SL1 8BB,51.53733,-0.65906
SL1 8BD,51.5367,-0.65902
SL1 8BE,51.53666,-0.65854
SL1 8BF,51.54031,-0.65782
SL1 8BG,51.53632,-0.65842
SL1 8BH,51.53628,-0.65936
SL1 8BJ,51.50827,-0.58462
SL1 8BL,51.53552,-0.65767
SL1 8BN,51.53408,-0.65793
SL1 8BQ,51.53754,-0.65906
SL1 8BS,51.5338,-0.65479
SL1 8BT,51.53378,-0.65645
SL1 8BU,51.53435,-0.65528
SL1 8BW,51.53417,-0.657
SL1 8BX,51.5345,-0.65673
SL1 8BY,51.53484,-0.656
SL1 8BZ,51.53424,-0.65393
SL1 8DA,51.53439,-0.65461
SL1 8DB,51.50827,-0.58462
SL1 8DD,51.53363,-0.65317
SL1 8DE,51.53486,-0.653
SL1 8DF,51.53565,-0.64844
SL1 8DG,51.53503,-0.65048
SL1 8DH,51.53548,-0.65073
SL1 8DJ,51.53544,-0.65046
SL1 8DL,51.53842,-0.64462
SL1 8DN,51.53635,-0.65045
SL1 8DP,51.54135,-0.64775
SL1 8DQ,51.53452,-0.64905
SL1 8DR,51.53581,-0.65368
SL1 8DS,51.53744,-0.65526
SL1 8DT,51.54136,-0.64574
SL1 8DU,51.53693,-0.65402
SL1 8DW,51.5388,-0.64905
SL1 8DX,51.53804,-0.65191
SL1 8DY,51.53954,-0.65325
SL1 8DZ,51.53779,-0.6532
SL1 8EA,51.54067,-0.65045
SL1 8EB,51.54033,-0.65202
SL1 8ED,51.54084,-0.65306
SL1 8EE,51.54129,-0.65337
SL1 8EF,51.53997,-0.65321
SL1 8EG,51.54516,-0.6525
SL1 8EH,51.54556,-0.65716
SL1 8EJ,51.54269,-0.65803
SL1 8EL,51.54194,-0.65844
SL1 8EN,51.53476,-0.65475
SL1 8EP,51.53555,-0.66055
SL1 8EQ,51.548,-0.65299
SL1 8ER,51.53459,-0.65481
SL1 8ES,51.50827,-0.58462
SL1 8ET,51.53784,-0.65388
SL1 8EU,51.5656,-0.6649
SL1 8EW,51.53552,-0.65767
SL1 8EX,51.56556,-0.66463
SL1 8EY,51.54067,-0.65043
SL1 8EZ,51.53641,-0.6601
SL1 8FA,51.53732,-0.66116
SL1 8FB,51.54183,-0.65788
SL1 8HA,51.53708,-0.65977
SL1 8HB,51.53807,-0.65937
SL1 8HD,51.53837,-0.66024
SL1 8HE,51.53893,-0.65995
SL1 8HF,51.53936,-0.66054
SL1 8HG,51.54016,-0.66258
SL1 8HH,51.5395,-0.66113
SL1 8HJ,51.53935,-0.66234
SL1 8HL,51.53863,-0.66271
SL1 8HN,51.53813,-0.66344
SL1 8HP,51.53889,-0.66393
SL1 8HQ,51.54049,-0.6609
SL1 8HR,51.53913,-0.6659
SL1 8HS,51.53797,-0.66172
SL1 8HT,51.53869,-0.66226
SL1 8HU,51.53851,-0.66109
SL1 8HW,51.53831,-0.66432
SL1 8HX,51.53733,-0.66054
SL1 8HY,51.53645,-0.66052
SL1 8HZ,51.53645,-0.66052
SL1 8JD,51.53879,-0.66645
SL1 8JE,51.53748,-0.65113
SL1 8JF,51.53722,-0.66735
SL1 8JG,51.53829,-0.66681
SL1 8JH,51.53966,-0.66752
SL1 8JJ,51.54112,-0.66778
SL1 8JL,51.54309,-0.66885
SL1 8JN,51.54177,-0.6667
SL1 8JP,51.5401,-0.66529
SL1 8JQ,51.539,-0.6686
SL1 8JR,51.54002,-0.66385
SL1 8JS,51.54073,-0.66436
SL1 8JT,51.54143,-0.66488
SL1 8JU,51.54123,-0.66361
SL1 8JW,51.54064,-0.66556
SL1 8JX,51.54101,-0.66324
SL1 8JY,51.54115,-0.66276
SL1 8JZ,51.54102,-0.66048
SL1 8LA,51.54161,-0.66073
SL1 8LB,51.54218,-0.66314
SL1 8LD,51.54362,-0.66575
SL1 8LE,51.54236,-0.66481
SL1 8LF,51.54691,-0.66705
SL1 8LG,51.54706,-0.66726
SL1 8LH,51.54265,-0.66339
SL1 8LJ,51.54429,-0.67043
SL1 8LL,51.54377,-0.67185
SL1 8LN,51.54555,-0.67259
SL1 8LP,51.54103,-0.6708
SL1 8LQ,51.54352,-0.6682
SL1 8LR,51.54082,-0.67232
SL1 8LS,51.54482,-0.67484
SL1 8LT,51.53688,-0.66946
SL1 8LW,51.54656,-0.67163
SL1 8NA,51.54919,-0.67313
SL1 8NB,51.54447,-0.65893
SL1 8ND,51.54597,-0.66021
SL1 8NE,51.54794,-0.6588
SL1 8NF,51.56197,-0.6581
SL1 8NG,51.5634,-0.65829
SL1 8NH,51.54719,-0.66056
SL1 8NJ,51.55022,-0.6732
SL1 8NL,51.54922,-0.67601
SL1 8NN,51.54889,-0.67248
SL1 8NP,51.55598,-0.68095
SL1 8NQ,51.56773,-0.6566
SL1 8NR,51.55376,-0.67732
SL1 8NS,51.55718,-0.68123
SL1 8NT,51.54982,-0.67597
SL1 8NU,51.54872,-0.67688
SL1 8NW,51.54864,-0.67574
SL1 8NX,51.558,-0.6816
SL1 8NY,51.57066,-0.66703
SL1 8NZ,51.569,-0.66833
SL1 8PA,51.56903,-0.66825
SL1 8PB,51.56804,-0.67114
SL1 8PD,51.56555,-0.66461
SL1 8PE,51.56912,-0.67743
SL1 8PF,51.56915,-0.65427
SL1 8PG,51.57501,-0.6505
SL1 8PH,51.57084,-0.64345
SL1 8PJ,51.57335,-0.64248
SL1 8PL,51.57052,-0.64075
SL1 8PN,51.55772,-0.63967
SL1 8PP,51.566,-0.65048
SL1 8PQ,51.57942,-0.63823
SL1 8PR,51.56814,-0.64963
SL1 8PS,51.55086,-0.65214
SL1 8PT,51.55967,-0.64932
SL1 8PU,51.55987,-0.64923
SL1 8PW,51.56997,-0.64814
SL1 8PX,51.56509,-0.65286
SL1 8PY,51.55539,-0.6484
SL1 8PZ,51.56069,-0.64675
SL1 8QA,51.55315,-0.64611
SL1 8QB,51.55282,-0.64217
SL1 8QD,51.54669,-0.64091
SL1 8QE,51.56411,-0.6561
SL1 8QG,51.54784,-0.66501
SL1 8QH,51.54046,-0.65922
SL1 8QJ,51.54066,-0.65933
SL1 8QQ,51.5491,-0.66592
SL1 8QS,51.54085,-0.65941
SL1 8QT,51.54066,-0.65933
SL1 8QU,51.54046,-0.65922
SL1 8QW,51.5491,-0.66592
SL1 8QX,51.50827,-0.58462
SL1 8WA,51.50827,-0.58462
SL1 8WB,51.50827,-0.58462
SL1 8WD,51.50827,-0.58462
SL1 8XA,51.50827,-0.58462
SL1 8XY,51.50827,-0.58462
SL1 8XZ,51.52268,-0.7157
SL1 8YA,51.50827,-0.58462
SL1 8YB,51.50827,-0.58462
SL1 8YD,51.52268,-0.7157
SL1 8YH,51.54085,-0.65941
SL1 8YJ,51.54085,-0.65941
SL1 8YL,51.54085,-0.65941
SL1 8YP,51.54085,-0.65941
SL1 8YR,51.52268,-0.7157
SL1 8YS,51.50827,-0.58462
SL1 8YT,51.50827,-0.58462
SL1 8YU,51.50827,-0.58462
SL1 8YX,51.50827,-0.58462
SL1 8YY,51.50827,-0.58462
SL1 8YZ,51.52268,-0.7157
SL1 8ZJ,51.50827,-0.58462
SL1 8ZN,51.50827,-0.58462
SL1 8ZQ,51.50827,-0.58462
SL1 8ZT,51.50827,-0.58462
SL1 8ZU,51.50827,-0.58462
SL1 8ZW,51.50827,-0.58462
