MK40 9AA,52.13443,-0.47559
MK40 9AB,52.13443,-0.47559
MK40 9AD,52.13443,-0.47559
MK40 9AE,52.13443,-0.47559
MK40 9AF,52.13443,-0.47559
MK40 9AG,52.13443,-0.47559
MK40 9AH,52.13443,-0.47559
MK40 9AJ,52.13443,-0.47559
MK40 9AL,52.13443,-0.47559
MK40 9AN,52.13443,-0.47559
MK40 9AP,52.13443,-0.47559
MK40 9AQ,52.13443,-0.47559
MK40 9AR,52.13443,-0.47559
MK40 9AS,52.13443,-0.47559
MK40 9AT,52.13443,-0.47559
MK40 9AU,52.13443,-0.47559
MK40 9AW,52.13443,-0.47559
MK40 9AX,52.13443,-0.47559
MK40 9AY,52.13443,-0.47559
MK40 9AZ,52.13443,-0.47559
MK40 9BA,52.13443,-0.47559
MK40 9BB,52.13443,-0.47559
MK40 9BD,52.13443,-0.47559
MK40 9BE,52.13443,-0.47559
MK40 9BF,52.13443,-0.47559
MK40 9BG,52.13443,-0.47559
MK40 9BH,52.13443,-0.47559
MK40 9BJ,52.13443,-0.47559
MK40 9BL,52.13443,-0.47559
MK40 9BN,52.13443,-0.47559
MK40 9BP,52.13443,-0.47559
MK40 9BQ,52.13443,-0.47559
MK40 9BR,52.13443,-0.47559
MK40 9BS,52.13443,-0.47559
MK40 9BT,52.13443,-0.47559
MK40 9BU,52.13443,-0.47559
MK40 9BW,52.13443,-0.47559
MK40 9BX,52.13443,-0.47559
MK40 9BZ,52.13443,-0.47559
MK40 9DA,52.13443,-0.47559
MK40 9DB,52.13443,-0.47559
MK40 9DD,52.13443,-0.47559
MK40 9DE,52.13443,-0.47559
MK40 9DF,52.13443,-0.47559
MK40 9DG,52.13443,-0.47559
MK40 9DH,52.13443,-0.47559
MK40 9DJ,52.13443,-0.47559
MK40 9DL,52.13443,-0.47559
MK40 9DN,52.13443,-0.47559
MK40 9DP,52.13443,-0.47559
MK40 9DQ,52.13443,-0.47559
MK40 9DR,52.13443,-0.47559
MK40 9DS,52.13443,-0.47559
MK40 9DT,52.13443,-0.47559
MK40 9DU,52.13443,-0.47559
MK40 9DW,52.13443,-0.47559
MK40 9DX,52.13443,-0.47559
MK40 9DY,52.13443,-0.47559
MK40 9DZ,52.13443,-0.47559
MK40 9EA,52.13443,-0.47559
MK40 9EB,52.13443,-0.47559
MK40 9EE,52.13443,-0.47559
MK40 9EF,52.13443,-0.47559
MK40 9EG,52.13443,-0.47559
MK40 9EH,52.13443,-0.47559
MK40 9EJ,52.13443,-0.47559
MK40 9EL,52.13444,-0.47557
MK40 9EN,52.13443,-0.47559
MK40 9EP,52.13443,-0.47559
MK40 9EQ,52.13443,-0.47559
MK40 9ER,52.13444,-0.47557
MK40 9ES,52.13444,-0.47557
MK40 9ET,52.13444,-0.47557
MK40 9EU,52.13444,-0.47557
MK40 9EW,52.13444,-0.47557
MK40 9EX,52.13444,-0.47557
MK40 9EY,52.13444,-0.47557
MK40 9EZ,52.13444,-0.47557
MK40 9FA,52.13444,-0.47557
MK40 9FB,52.13444,-0.47557
MK40 9FD,52.13444,-0.47557
MK40 9FE,52.13444,-0.47557
MK40 9FF,52.13444,-0.47557
MK40 9FG,52.13444,-0.47557
MK40 9FH,52.13444,-0.47557
MK40 9FJ,52.13444,-0.47557
MK40 9FL,52.13444,-0.47557
MK40 9SA,52.13541,-0.46848
MK40 9SB,52.13541,-0.46848
MK40 9SD,52.13541,-0.46848
MK40 9SE,52.13541,-0.46848
MK40 9SF,52.13541,-0.46848
MK40 9SG,52.13541,-0.46848
MK40 9SH,52.13541,-0.46848
MK40 9SJ,52.13541,-0.46848
MK40 9SL,52.13541,-0.46848
MK40 9SP,52.13541,-0.46848
MK40 9SQ,52.13541,-0.46848
MK40 9SR,52.13541,-0.46848
MK40 9SS,52.13541,-0.46848
MK40 9ST,52.13541,-0.46848
MK40 9SU,52.13541,-0.46848
MK40 9SW,52.13541,-0.46848
MK40 9SX,52.13541,-0.46848
MK40 9SY,52.13541,-0.46848
MK40 9SZ,52.13541,-0.46848
MK40 9TA,52.13541,-0.46848
MK40 9TB,52.13541,-0.46848
MK40 9TD,52.13541,-0.46848
MK40 9TE,52.13541,-0.46848
MK40 9TF,52.13541,-0.46848
MK40 9TG,52.13541,-0.46848
MK40 9TH,52.13541,-0.46848
MK40 9TJ,52.13541,-0.46848
MK40 9TL,52.13541,-0.46848
MK40 9TN,52.13541,-0.46848
MK40 9TP,52.13541,-0.46848
