PE25 9AA,53.14435,0.336
PE25 9AB,53.14435,0.336
PE25 9AD,53.14435,0.336
PE25 9AE,53.14435,0.336
PE25 9AF,53.14435,0.336
PE25 9AG,53.14435,0.336
PE25 9AH,53.14435,0.336
PE25 9AJ,53.14435,0.336
PE25 9AL,53.14435,0.336
PE25 9AN,53.14435,0.336
PE25 9AP,53.14435,0.336
PE25 9AQ,53.14435,0.336
PE25 9AR,53.14435,0.336
PE25 9AS,53.14435,0.336
PE25 9AT,53.14435,0.336
PE25 9AU,53.14435,0.336
PE25 9AW,53.14435,0.336
PE25 9AX,53.14435,0.336
PE25 9AY,53.14435,0.336
PE25 9AZ,53.14435,0.336
PE25 9BA,53.14435,0.336
PE25 9BB,53.14435,0.336
PE25 9BD,53.14435,0.336
PE25 9BE,53.14435,0.336
PE25 9BF,53.14435,0.336
PE25 9BG,53.14435,0.336
PE25 9BH,53.14435,0.336
PE25 9BJ,53.14435,0.336
PE25 9BL,53.14435,0.336
PE25 9BN,53.14435,0.336
PE25 9BP,53.14435,0.336
PE25 9BQ,53.14435,0.336
PE25 9BR,53.14435,0.336
PE25 9BS,53.14435,0.336
PE25 9BT,53.14435,0.336
PE25 9BU,53.14435,0.336
PE25 9BW,53.14435,0.336
PE25 9BX,53.14435,0.336
PE25 9BY,53.14435,0.336
PE25 9BZ,53.14435,0.336
PE25 9DA,53.14435,0.336
PE25 9DB,53.14435,0.336
PE25 9DD,53.14435,0.336
PE25 9DE,53.14435,0.336
PE25 9DH,53.14435,0.336
PE25 9DJ,53.14435,0.336
PE25 9DN,53.14435,0.336
PE25 9DP,53.14435,0.336
PE25 9DQ,53.14435,0.336
PE25 9DR,53.14435,0.336
PE25 9DS,53.14435,0.336
PE25 9DT,53.14435,0.336
PE25 9DU,53.14435,0.336
PE25 9DW,53.14435,0.336
PE25 9DX,53.14435,0.336
PE25 9DY,53.14435,0.336
PE25 9DZ,53.14435,0.336
PE25 9EA,53.14435,0.336
PE25 9EB,53.14435,0.336
PE25 9ED,53.14435,0.336
PE25 9EE,53.14435,0.336
PE25 9EF,53.14435,0.336
PE25 9EG,53.14435,0.336
PE25 9EH,53.14435,0.336
PE25 9EJ,53.14435,0.336
PE25 9EL,53.14435,0.336
PE25 9EN,53.14438,0.336
PE25 9EP,53.14438,0.336
PE25 9EQ,53.14438,0.336
PE25 9ER,53.14438,0.336
PE25 9ES,53.14438,0.336
PE25 9ET,53.14438,0.336
PE25 9EU,53.14438,0.336
PE25 9NH,53.14438,0.336
PE25 9WD,53.14435,0.336
