SA44 6AA,52.11896,-4.44095,W01000545
SA44 6AB,52.12341,-4.44297,W01000545
SA44 6AD,52.1596,-4.45863,W01000545
SA44 6AE,52.16253,-4.44776,W01000545
SA44 6AF,52.16032,-4.44631,W01000545
SA44 6AG,52.162,-4.44363,W01000545
SA44 6AH,52.16177,-4.43865,W01000545
SA44 6AJ,52.16157,-4.4349,W01000545
SA44 6AL,52.16006,-4.42891,W01000545
SA44 6AN,52.16272,-4.4267,W01000545
SA44 6AP,52.15433,-4.42102,W01000545
SA44 6AQ,52.16779,-4.44038,W01000545
SA44 6AR,52.16042,-4.43192,W01000545
SA44 6AS,52.15996,-4.43362,W01000545
SA44 6AT,52.1587,-4.43363,W01000545
SA44 6AU,52.15589,-4.44062,W01000545
SA44 6AW,52.16149,-4.42781,W01000545
SA44 6AX,52.15612,-4.45244,W01000545
SA44 6AY,52.1537,-4.44828,W01000545
SA44 6AZ,52.15288,-4.45064,W01000545
SA44 6BA,52.19128,-4.35547,W01000532
SA44 6BB,52.19156,-4.35695,W01000532
SA44 6BD,52.12942,-4.46782,W01000545
SA44 6BE,52.17636,-4.37374,W01000532
SA44 6BG,52.15157,-4.36457,W01000532
SA44 6BH,52.161,-4.37022,W01000532
SA44 6BJ,52.16901,-4.36556,W01000532
SA44 6BL,52.1736,-4.37096,W01000532
SA44 6BN,52.17653,-4.37478,W01000532
SA44 6BP,52.17781,-4.37455,W01000532
SA44 6BS,52.17733,-4.37857,W01000532
SA44 6BT,52.17749,-4.386,W01000532
SA44 6BU,52.17432,-4.38409,W01000532
SA44 6BW,52.176,-4.37721,W01000532
SA44 6BX,52.17374,-4.38187,W01000532
SA44 6BY,52.16915,-4.38893,W01000532
SA44 6BZ,52.1762,-4.40065,W01000532
SA44 6DA,52.16621,-4.40049,W01000532
SA44 6DB,52.16505,-4.40446,W01000545
SA44 6DD,52.16445,-4.40044,W01000545
SA44 6DE,52.16445,-4.41136,W01000545
SA44 6DF,52.1648,-4.41837,W01000545
SA44 6DG,52.16523,-4.42426,W01000545
SA44 6DH,52.17051,-4.42474,W01000545
SA44 6DJ,52.1793,-4.41842,W01000545
SA44 6DL,52.16862,-4.42061,W01000545
SA44 6DN,52.16361,-4.40895,W01000545
SA44 6DQ,52.16487,-4.42964,W01000545
SA44 6DS,52.13409,-4.44202,W01000545
SA44 6DT,52.13569,-4.45045,W01000545
SA44 6DU,52.13484,-4.43929,W01000545
SA44 6DX,52.13576,-4.43739,W01000545
SA44 6DY,52.13615,-4.43189,W01000545
SA44 6EA,52.13465,-4.43941,W01000545
SA44 6EB,52.12169,-4.44688,W01000545
SA44 6ED,52.1387,-4.44418,W01000545
SA44 6EE,52.1416,-4.44428,W01000545
SA44 6EF,52.14111,-4.45382,W01000545
SA44 6EG,52.14359,-4.4348,W01000545
SA44 6EH,52.1477,-4.435,W01000545
SA44 6EN,52.14715,-4.38594,W01000532
SA44 6EP,52.14828,-4.37624,W01000532
SA44 6EQ,52.14483,-4.43498,W01000545
SA44 6ER,52.15057,-4.38093,W01000532
SA44 6ES,52.15813,-4.37985,W01000532
SA44 6ET,52.16196,-4.39386,W01000532
SA44 6EU,52.15877,-4.39907,W01000545
SA44 6EX,52.16306,-4.40808,W01000545
SA44 6EY,52.16213,-4.40624,W01000545
SA44 6HA,52.16062,-4.41778,W01000545
SA44 6HB,52.1501,-4.41497,W01000545
SA44 6HD,52.14708,-4.42237,W01000545
SA44 6HE,52.14628,-4.40986,W01000545
SA44 6HF,52.14454,-4.4048,W01000545
SA44 6HG,52.14965,-4.39853,W01000545
SA44 6HJ,52.14694,-4.38427,W01000532
SA44 6HL,52.14569,-4.38661,W01000532
SA44 6HN,52.14166,-4.4045,W01000545
SA44 6HP,52.14042,-4.40591,W01000545
SA44 6HR,52.13345,-4.40304,W01000545
SA44 6HS,52.14618,-4.38418,W01000532
SA44 6HT,52.13894,-4.38605,W01000532
SA44 6HU,52.13421,-4.39047,W01000532
SA44 6HW,52.14461,-4.412,W01000545
SA44 6HX,52.13698,-4.38102,W01000532
SA44 6JA,52.16466,-4.33503,W01000529
SA44 6JB,52.1635,-4.33533,W01000529
SA44 6JD,52.16165,-4.34233,W01000529
SA44 6JE,52.16504,-4.33671,W01000529
SA44 6JF,52.14503,-4.42011,W01000545
SA44 6JG,52.17158,-4.34251,W01000529
SA44 6JH,52.15252,-4.34925,W01000532
SA44 6JJ,52.15518,-4.35298,W01000532
SA44 6JL,52.15115,-4.36003,W01000532
SA44 6JN,52.14886,-4.36383,W01000532
SA44 6JP,52.14477,-4.35615,W01000532
SA44 6JQ,52.16557,-4.33765,W01000529
SA44 6JR,52.14363,-4.34353,W01000532
SA44 6JS,52.14901,-4.33821,W01000532
SA44 6JT,52.15618,-4.32985,W01000529
SA44 6JU,52.16435,-4.33427,W01000529
SA44 6JW,52.13846,-4.36474,W01000532
SA44 6JY,52.17497,-4.34608,W01000532
SA44 6JZ,52.17253,-4.34342,W01000532
SA44 6LA,52.17077,-4.37908,W01000532
SA44 6LB,52.16806,-4.37671,W01000532
SA44 6LD,52.17305,-4.38369,W01000532
SA44 6LE,52.17005,-4.38471,W01000532
SA44 6LF,52.17341,-4.38789,W01000532
SA44 6LG,52.16943,-4.38863,W01000532
SA44 6LH,52.19115,-4.3967,W01000532
SA44 6LJ,52.18901,-4.35922,W01000532
SA44 6LN,52.18987,-4.35574,W01000532
SA44 6LP,52.17969,-4.36722,W01000532
SA44 6LQ,52.1893,-4.40577,W01000532
SA44 6LR,52.17853,-4.37246,W01000532
SA44 6LS,52.17692,-4.37079,W01000532
SA44 6LT,52.17553,-4.36842,W01000532
SA44 6LU,52.17884,-4.36776,W01000532
SA44 6LW,52.18809,-4.35803,W01000532
SA44 6LX,52.17217,-4.36259,W01000532
SA44 6LY,52.16666,-4.35498,W01000532
SA44 6LZ,52.17067,-4.35064,W01000532
SA44 6NA,52.17571,-4.34998,W01000532
SA44 6NB,52.17724,-4.35479,W01000532
SA44 6NG,52.19067,-4.35737,W01000532
SA44 6NH,52.18998,-4.36233,W01000532
SA44 6NJ,52.19439,-4.35867,W01000532
SA44 6NL,52.18797,-4.35293,W01000532
SA44 6NN,52.18228,-4.34347,W01000532
SA44 6NP,52.19144,-4.35435,W01000532
SA44 6NQ,52.1906,-4.35934,W01000532
SA44 6NR,52.19497,-4.3503,W01000532
SA44 6NS,52.18026,-4.34636,W01000532
SA44 6NT,52.1878,-4.35694,W01000532
SA44 6NU,52.1903,-4.35442,W01000532
SA44 6NW,52.19562,-4.33706,W01000532
SA44 6NX,52.10907,-4.468,W01000545
SA44 6NY,52.11169,-4.47749,W01000545
SA44 6NZ,52.10595,-4.48011,W01000519
SA44 6PA,52.10757,-4.48739,W01000519
SA44 6PB,52.11818,-4.48525,W01000545
SA44 6PD,52.11516,-4.48536,W01000545
SA44 6PE,52.11951,-4.47166,W01000545
SA44 6PG,52.11767,-4.46249,W01000545
SA44 6PH,52.11362,-4.45615,W01000545
SA44 6PJ,52.11095,-4.46021,W01000545
SA44 6PL,52.10816,-4.45536,W01000545
SA44 6PN,52.10806,-4.45783,W01000545
SA44 6PP,52.11163,-4.45221,W01000545
SA44 6PR,52.10825,-4.44509,W01000545
SA44 6PS,52.10662,-4.44519,W01000545
SA44 6PX,52.13346,-4.46796,W01000545
SA44 6PY,52.13633,-4.47384,W01000545
SA44 6PZ,52.13435,-4.47409,W01000545
SA44 6QA,52.13258,-4.48149,W01000545
SA44 6QB,52.13682,-4.47936,W01000545
SA44 6QD,52.13817,-4.4842,W01000545
SA44 6QE,52.13939,-4.47874,W01000545
SA44 6QF,52.1401,-4.47757,W01000545
SA44 6QG,52.14102,-4.4699,W01000545
SA44 6QH,52.13978,-4.48448,W01000545
SA44 6QJ,52.1429,-4.48747,W01000545
SA44 6QL,52.14119,-4.49179,W01000545
SA44 6QN,52.13915,-4.49129,W01000545
SA44 6QQ,52.12987,-4.46694,W01000545
SA44 6QR,52.13343,-4.46565,W01000545
SA44 6QS,52.13119,-4.46573,W01000545
SA44 6QT,52.12956,-4.47096,W01000545
SA44 6QU,52.12605,-4.48208,W01000545
SA44 6QX,52.1251,-4.48626,W01000545
SA44 6QY,52.12908,-4.48651,W01000545
SA44 6QZ,52.13058,-4.48551,W01000545
SA44 6RA,52.13423,-4.49036,W01000545
SA44 6RB,52.13354,-4.49823,W01000545
SA44 6RD,52.13884,-4.49951,W01000545
SA44 6RE,52.13004,-4.45395,W01000545
SA44 6RF,52.12569,-4.45978,W01000545
SA44 6RH,52.15857,-4.46251,W01000545
SA44 6RJ,52.15803,-4.46327,W01000545
SA44 6RL,52.15631,-4.46243,W01000545
SA44 6RN,52.15262,-4.45709,W01000545
SA44 6RP,52.14727,-4.46222,W01000545
SA44 6RR,52.14404,-4.47241,W01000545
SA44 6RS,52.1482,-4.48027,W01000545
SA44 6RT,52.14709,-4.47257,W01000545
SA44 6RU,52.15181,-4.47192,W01000545
SA44 6RW,52.14775,-4.452,W01000545
SA44 6SA,52.15848,-4.46318,W01000545
SA44 6SB,52.15884,-4.46375,W01000545
SA44 6SD,52.15902,-4.46442,W01000545
SA44 6SE,52.15931,-4.46529,W01000545
SA44 6SF,52.1631,-4.46537,W01000545
SA44 6SG,52.15884,-4.4651,W01000545
SA44 6SH,52.15893,-4.46613,W01000545
SA44 6SJ,52.1594,-4.46979,W01000545
SA44 6SL,52.15972,-4.46991,W01000545
SA44 6SN,52.15981,-4.47102,W01000545
SA44 6SP,52.15906,-4.47119,W01000545
SA44 6SQ,52.15904,-4.46672,W01000545
SA44 6SW,52.15945,-4.47239,W01000545
SA44 6WR,52.15945,-4.47237,W01000545
SA44 6YA,52.15431,-4.421,W01000545
SA44 6YB,52.0578,-4.34278,W01000522
SA44 6YD,52.0578,-4.34278,W01000522
SA44 6YE,52.0578,-4.34278,W01000522
SA44 6YH,52.0578,-4.34278,W01000522
SA44 6YS,52.0578,-4.34278,W01000522
