SP7 9AA,51.01066,-2.17584,E01031991
SP7 9AB,51.01792,-2.1689,E01031991
SP7 9AD,51.02874,-2.17929,E01032010
SP7 9AE,51.0352,-2.17458,E01032010
SP7 9AF,51.0311,-2.18419,E01032010
SP7 9AG,51.03409,-2.1854,E01032010
SP7 9AH,51.04015,-2.18251,E01032010
SP7 9AJ,51.04046,-2.18411,E01032010
SP7 9AL,51.04081,-2.17818,E01032010
SP7 9AN,51.04076,-2.17698,E01032010
SP7 9AP,51.04276,-2.16271,E01032010
SP7 9AQ,51.03878,-2.18331,E01032010
SP7 9AR,51.04041,-2.16297,E01032010
SP7 9AS,51.04179,-2.15301,E01032010
SP7 9AT,51.04169,-2.15201,E01032010
SP7 9AU,51.04035,-2.15683,E01032010
SP7 9AW,51.04493,-2.17194,E01032010
SP7 9AX,51.03712,-2.15929,E01032010
SP7 9AY,51.02904,-2.15962,E01032010
SP7 9AZ,51.03181,-2.1517,E01032010
SP7 9BA,51.03137,-2.15176,E01032010
SP7 9BB,51.02988,-2.15058,E01031991
SP7 9BD,51.02586,-2.14486,E01031991
SP7 9BE,51.03224,-2.14904,E01032010
SP7 9BF,51.00803,-2.18671,E01020454
SP7 9BG,51.03015,-2.14736,E01032010
SP7 9BH,51.02886,-2.13166,E01032010
SP7 9BJ,51.03333,-2.13502,E01032010
SP7 9BL,51.03883,-2.14122,E01032010
SP7 9BN,51.04731,-2.15461,E01032010
SP7 9BP,51.05326,-2.15659,E01032029
SP7 9BQ,51.02923,-2.13286,E01032010
SP7 9BS,51.00375,-2.13957,E01031991
SP7 9BT,51.02005,-2.18949,E01033158
SP7 9BU,51.04031,-2.18343,E01032010
SP7 9BW,51.05525,-2.14817,E01032029
SP7 9BX,51.04041,-2.20978,E01033158
SP7 9BY,51.02409,-2.16619,E01031991
SP7 9BZ,51.02346,-2.15923,E01031991
SP7 9DA,51.02213,-2.14915,E01031991
SP7 9DB,51.02098,-2.14832,E01031991
SP7 9DD,51.0208,-2.14278,E01031991
SP7 9DE,51.01906,-2.14338,E01031991
SP7 9DF,51.01834,-2.1399,E01031991
SP7 9DG,51.02056,-2.13987,E01031991
SP7 9DH,51.01922,-2.13388,E01031991
SP7 9DJ,51.01807,-2.13313,E01031991
SP7 9DL,51.01429,-2.13054,E01031991
SP7 9DN,51.01389,-2.13035,E01031991
SP7 9DP,51.01417,-2.13459,E01031991
SP7 9DQ,51.01909,-2.13489,E01031991
SP7 9DR,51.01317,-2.13709,E01031991
SP7 9DS,51.01051,-2.13325,E01031991
SP7 9DT,51.01053,-2.1303,E01031991
SP7 9DU,51.00789,-2.13661,E01031991
SP7 9DW,51.01273,-2.1328,E01031991
SP7 9DX,51.01001,-2.13763,E01031991
SP7 9DY,51.01614,-2.1237,E01031991
SP7 9DZ,51.01797,-2.12304,E01031991
SP7 9EA,51.02175,-2.12038,E01031991
SP7 9EB,51.02518,-2.12652,E01031991
SP7 9ED,51.02987,-2.12377,E01031991
SP7 9EE,51.02361,-2.11945,E01031991
SP7 9EF,51.02473,-2.11929,E01031991
SP7 9EG,51.02526,-2.11748,E01031991
SP7 9EH,51.02917,-2.11172,E01031991
SP7 9EJ,51.02369,-2.11174,E01031991
SP7 9EL,51.02465,-2.11301,E01031991
SP7 9EN,51.02273,-2.11068,E01031991
SP7 9EP,51.02882,-2.11718,E01031991
SP7 9EQ,51.02502,-2.11681,E01031991
SP7 9ER,51.02818,-2.11653,E01031991
SP7 9ES,51.0304,-2.11915,E01031991
SP7 9ET,51.03207,-2.11715,E01031991
SP7 9EU,51.03983,-2.11993,E01032010
SP7 9EW,51.02226,-2.11388,E01031991
SP7 9EX,51.02374,-2.12007,E01031991
SP7 9EY,51.00281,-2.13749,E01031991
SP7 9EZ,51.0028,-2.13749,E01031991
SP7 9HA,51.01528,-2.18695,E01020456
SP7 9HB,51.01554,-2.18815,E01020456
SP7 9HD,51.01683,-2.18886,E01020456
SP7 9HE,51.02579,-2.1899,E01033158
SP7 9HF,51.03052,-2.19864,E01033158
SP7 9HG,51.04198,-2.19417,E01032010
SP7 9HH,51.00671,-2.12362,E01031991
SP7 9HJ,51.03455,-2.22054,E01033158
SP7 9HL,51.03715,-2.22054,E01033158
SP7 9HN,51.03747,-2.22188,E01033158
SP7 9HP,51.03715,-2.23684,E01033158
SP7 9HQ,51.04366,-2.20165,E01032010
SP7 9HR,51.03894,-2.22044,E01033158
SP7 9HS,51.03818,-2.213,E01033158
SP7 9HT,51.03537,-2.20051,E01033158
SP7 9HU,51.04148,-2.21313,E01033158
SP7 9HW,51.03889,-2.22464,E01033158
SP7 9HX,51.04575,-2.22238,E01033158
SP7 9HY,51.04856,-2.23789,E01033158
SP7 9HZ,51.05161,-2.22019,E01033158
SP7 9JA,51.05659,-2.216,E01032010
SP7 9JB,51.05494,-2.20399,E01032010
SP7 9JD,51.05553,-2.2029,E01032010
SP7 9JE,51.05613,-2.20212,E01032010
SP7 9JF,51.05287,-2.21114,E01032010
SP7 9JG,51.04941,-2.20664,E01032010
SP7 9JH,51.05161,-2.19262,E01032010
SP7 9JJ,51.05242,-2.19221,E01032010
SP7 9JL,51.05398,-2.19042,E01032010
SP7 9JN,51.05591,-2.19287,E01032010
SP7 9JP,51.04866,-2.18807,E01032010
SP7 9JQ,51.04962,-2.19912,E01032010
SP7 9JR,51.0529,-2.18195,E01032010
SP7 9JS,51.04891,-2.18245,E01032010
SP7 9JT,51.04564,-2.18065,E01032010
SP7 9JU,51.04529,-2.18022,E01032010
SP7 9JW,51.04969,-2.18855,E01032010
SP7 9JX,51.04331,-2.18963,E01032010
SP7 9JY,51.01472,-2.18695,E01020456
SP7 9JZ,51.01455,-2.18809,E01020456
SP7 9LA,50.98376,-2.18229,E01020460
SP7 9LB,51.01588,-2.18658,E01020456
SP7 9LD,51.01635,-2.1988,E01033158
SP7 9LE,51.02384,-2.19303,E01033158
SP7 9LF,51.03533,-2.22058,E01033158
SP7 9LG,51.01034,-2.11613,E01031991
SP7 9LH,51.0135,-2.11801,E01031991
SP7 9LJ,51.01065,-2.10868,E01031991
SP7 9LL,51.01629,-2.09977,E01031991
SP7 9LP,51.00612,-2.16511,E01031991
SP7 9LQ,51.01271,-2.1209,E01031991
SP7 9LR,51.00514,-2.15912,E01031991
SP7 9LS,51.0029,-2.15714,E01031991
SP7 9LT,51.001,-2.15147,E01031991
SP7 9LU,51.03374,-2.21951,E01033158
SP7 9LW,51.00422,-2.13969,E01031991
SP7 9LX,51.00496,-2.15233,E01031991
SP7 9LY,51.00658,-2.14012,E01031991
SP7 9LZ,51.00309,-2.1401,E01031991
SP7 9NA,51.00311,-2.13859,E01031991
SP7 9NB,51.0033,-2.14071,E01031991
SP7 9ND,51.00251,-2.13382,E01031991
SP7 9NE,51.00386,-2.12912,E01031991
SP7 9NF,51.00525,-2.13033,E01031991
SP7 9NG,51.01055,-2.13462,E01031991
SP7 9NH,51.00679,-2.12428,E01031991
SP7 9NJ,51.00284,-2.13983,E01031991
SP7 9NL,51.00352,-2.13077,E01031991
SP7 9NN,51.03365,-2.22074,E01033158
SP7 9NP,51.01348,-2.2128,E01033158
SP7 9NQ,51.00515,-2.12899,E01031991
SP7 9NR,51.01593,-2.22478,E01033158
SP7 9NS,51.02152,-2.21785,E01033158
SP7 9NT,51.026,-2.21635,E01033158
SP7 9NU,51.02648,-2.21547,E01033158
SP7 9NW,51.0337,-2.21891,E01033158
SP7 9NX,51.02457,-2.21071,E01033158
SP7 9NY,51.02748,-2.20778,E01033158
SP7 9NZ,51.03286,-2.21589,E01033158
SP7 9PA,51.03201,-2.21467,E01033158
SP7 9PB,51.03119,-2.22369,E01033158
SP7 9PD,51.03227,-2.2197,E01033158
SP7 9PE,51.0276,-2.215,E01033158
SP7 9PF,51.03043,-2.21789,E01033158
SP7 9PG,51.02917,-2.2156,E01033158
SP7 9PH,51.02542,-2.21984,E01033158
SP7 9PJ,51.02437,-2.22357,E01033158
SP7 9PL,51.02131,-2.22677,E01033158
SP7 9PN,51.01774,-2.23676,E01033158
SP7 9PP,51.01782,-2.23732,E01033158
SP7 9PQ,51.02886,-2.21514,E01033158
SP7 9PR,51.01962,-2.23985,E01033156
SP7 9PS,51.02197,-2.24738,E01033156
SP7 9PT,51.02227,-2.24669,E01033156
SP7 9PU,51.01294,-2.246,E01033156
SP7 9PW,51.01571,-2.2342,E01033158
SP7 9PX,51.00917,-2.23886,E01033158
SP7 9PY,51.00699,-2.22996,E01033158
SP7 9PZ,51.00659,-2.22676,E01033158
SP7 9QA,51.01971,-2.21618,E01033158
SP7 9QB,51.02953,-2.21532,E01033158
SP7 9QD,51.01774,-2.18803,E01020456
SP7 9QE,50.99539,-2.22081,E01020460
SP7 9QF,51.03552,-2.22098,E01033158
SP7 9QG,51.0365,-2.22135,E01033158
SP7 9QH,51.03114,-2.21686,E01033158
SP7 9QJ,51.01744,-2.18703,E01020456
SP7 9QL,51.03127,-2.21537,E01033158
SP7 9QN,51.03161,-2.21793,E01033158
SP7 9QP,51.04606,-2.1802,E01032010
SP7 9QQ,51.0303,-2.21539,E01033158
SP7 9QR,51.04603,-2.18011,E01032010
SP7 9QS,51.01612,-2.19098,E01020456
SP7 9QT,51.01743,-2.18405,E01020456
SP7 9RA,51.00803,-2.18671,E01020454
SP7 9RF,51.00803,-2.18671,E01020454
SP7 9RG,51.0097,-2.19163,E01020454
SP7 9RH,51.0265,-2.17828,E01032010
SP7 9RJ,51.0265,-2.17828,E01032010
SP7 9RL,51.00803,-2.18671,E01020454
SP7 9RN,51.02956,-2.2167,E01033158
SP7 9RP,51.00803,-2.18671,E01020454
SP7 9RQ,51.02649,-2.17828,E01032010
SP7 9RR,51.0265,-2.17828,E01032010
SP7 9RS,51.0265,-2.17828,E01032010
SP7 9RT,51.00803,-2.18671,E01020454
SP7 9RU,51.00803,-2.18671,E01020454
SP7 9RW,51.0265,-2.17828,E01032010
SP7 9RX,51.0097,-2.19163,E01020454
SP7 9SY,51.0097,-2.19163,E01020454
SP7 9SZ,51.00803,-2.18671,E01020454
SP7 9WA,51.0097,-2.19163,E01020454
SP7 9WB,51.0097,-2.19163,E01020454
SP7 9WL,51.0097,-2.19163,E01020454
SP7 9WN,51.0097,-2.19163,E01020454
SP7 9WP,51.0097,-2.19163,E01020454
SP7 9WQ,51.0097,-2.19163,E01020454
SP7 9WR,51.0097,-2.19163,E01020454
SP7 9WS,51.0097,-2.19163,E01020454
SP7 9WU,51.0097,-2.19163,E01020454
SP7 9WX,51.0097,-2.19163,E01020454
SP7 9WY,51.0097,-2.19163,E01020454
SP7 9WZ,51.0097,-2.19163,E01020454
SP7 9XJ,51.0097,-2.19163,E01020454
SP7 9XL,51.0097,-2.19163,E01020454
SP7 9XN,51.0097,-2.19163,E01020454
SP7 9XQ,51.0097,-2.19163,E01020454
SP7 9XZ,51.0097,-2.19163,E01020454
SP7 9YA,51.02956,-2.2167,E01033158
SP7 9YD,51.02956,-2.2167,E01033158
SP7 9ZQ,51.0097,-2.19163,E01020454
SP7 9ZW,51.0097,-2.19163,E01020454
SP7 9ZX,51.00803,-2.18671,E01020454
